Batch	Project	Target	Seq_type	Modify_seq	Strand_MWs	Parents	Remarks
1	BPR-307	TTR	SS	[invAboC6-S-LP415s]UmsCmsCmUmCmUmGfAmUfGfGfUmCmAmAmAmGmUmCmCmUm[L96oinvAb]	123	P1	r1
1	BPR-307	TTR	AS	AmsGfsGmAmCmUfUmUmGmAmCmCmAmUfCmAfGmAmGmGmAmsCmsAm	123.1	P1.1	r1.1
1	BPR-307	TTR	SS	UmsCmsCmUmCmUmGfAmUfGfGfUmCmAmAmAmGmUmCmdCUm[invAb]	123	P1	r1
1	BPR-307	TTR	AS	AmsGfsdGAmCmUfUmUmGmAmCmCmAmUfCmAfGmAmGmGmdACmsdA[L96]	123.1	P1.1	r1.1
1	BPR-301	TTR	SS	UmsCmsCmUmCmUmGfAmUfGfGfUmCmAmAmAmGmUmCmdCUm[invAb]	123	P1	r1
1	BPR-301	TTR	AS	AmsGfsdGAmCmUfUmUmGmAmCmCmAmUfCmAfGmAmGmGmdACmsdA[L96]	123.1	P1.1	r1.1
1	BPR-307	TTR	SS	[invAb]UmsCmsCmUmCmUmGfAmUfGfGfUmCmAmAmAmGmUmCmCmUm[L96oinvAb]	123	P1	r1
1	BPR-307	TTR	SS	[invAb]UmsCmsCmUmCmUmGfAmUfGfGfUmCmAmAmAmGmUmCmCmUm[L96]	123	P1	r1
1	BPR-307	TTR	SS	[P98]UmsCmsCmUmCmUmGfAmUfGfGfUmCmAmAmAmGmUmCmCmUm[L96]	123	P1	r1
1	BPR-307	TTR	SS	[L96]UmsCmsCmUmCmUmGfAmUfGfGfUmCmAmAmAmGmUmCmCmUm[P98]	123	P1	r1
1	BPR-307	TTR	SS	UmsCmsCmUmCmUmGfAmUfGfGfUmCmAmAmAmGmUmCmCmUm[P98]	123	P1	r1
1	BPR-307	TTR	SS	[C6-S-LP415s]UmsCmsCmUmCmUmGfAmUfGfGfUmCmAmAmAmGmUmCmCmUm[L96oinvAb]	123	P1	r1
1	BPR-307	TTR	AS	AmsGfsGmAmCmUfUmUmGmAmCmCmAmUfCmAfGmAmGmGmAmsCmsAms	123.1	P1.1	r1.1
1	BPR-307	TTR	SS	[C6-S-LP415s]UmsCmsCmUmCmUmGfAmUfGfGfUmCmAmAmAmGmUmCmCmUm[L96sinvAb]	123	P1	r1
1	BPR-307	TTR	AS	AmsGfsGmAmCmUfUmUmGmAmCmCmAmUfCmAfGmAmGmGmAmsCmsdA	123.1	P1.1	r1.1
1	BPR-307	TTR	SS	[C6-S-LP415s]UmsCmsCmUmCmUmGfAmUfGfGfUmCmAmAmAmGmUmCmCmUm[invAb]	123	P1	r1
1	BPR-307	TTR	AS	AmsGfsGmAmCmUfUmUmGmAmCmCmAmUfCmAfGmAmGmGmAmsCmsdA[L96]	123.1	P1.1	r1.1
1	BPR-307	TTR	SS	[C6-S-LP415o]UmsCmsCmUmCmUmGfAmUfGfGfUmCmAmAmAmGmUmCmCmUm[invAb]	123	P1	r1
1	BPR-307	TTR	AS	AmsGfsGmAmCmUfUmUmGmAmCmCmAmUfCmAfGmAmGmGmAmsCmsdA[L96]	123.1	P1.1	r1.1
1	BPR-307	TTR	SS	UmsCmsCmUmCmUmGfAmUfGfGfUmCmAmAmAmGmUmCmdCUm[invAb]	123	P1	r1
1	BPR-307	TTR	AS	AmsGfsdGAmCmUfUmUmGmAmCmCmAmUfCmAfGmAmGmGmdACmsdA[L96]	123.1	P1.1	r1.1
1	BPR-301	TTR	SS	UmsCmsCmUmCmUmGfAmUfGfGfUmCmAmAmAmGmUmCmdCUm[invAb]	123	P1	r1
1	BPR-301	TTR	AS	AmsGfsdGAmCmUfUmUmGmAmCmCmAmUfCmAfGmAmGmGmdACmsdA[L96]	123.1	P1.1	r1.1